{
    "id": "5c62d88e25c2a711a1493420",
    "database": "Workshop",
    "collection": "Restaurants",
    "roles": [
        {
            "name": "owner",
            "apply_when": {
                "owner_id": "%%user.id"
            },
            "read": true,
            "write": true,
            "insert": true,
            "delete": true,
            "additional_fields": {}
        }
    ],
    "schema": {
        "properties": {
            "_id": {
                "bsonType": "objectId"
            },
            "owner_id": {
                "bsonType": "string"
            }
        }
    }
}
